净值日期,累计净值,daily_return
2018-05-09,1.0,
2018-05-11,0.996,-0.004
2018-05-18,0.9996,0.003614
2018-05-25,0.9837,-0.015906
2018-06-01,0.9912,0.007624
2018-06-08,1.016,0.02502
2018-06-15,1.0076,-0.008268
2018-06-22,0.9902,-0.017269
2018-06-29,0.9748,-0.015552
2018-06-30,0.9748,0.0
2018-07-06,0.9386,-0.037136
2018-07-11,0.9521,0.014383
2018-07-12,0.9694,0.01817
2018-07-13,0.9821,0.013101
2018-07-16,0.9827,0.000611
2018-07-17,0.9746,-0.008243
2018-07-18,0.9661,-0.008722
2018-07-19,0.9596,-0.006728
2018-07-20,0.9607,0.001146
2018-07-23,0.9445,-0.016863
2018-07-24,0.9638,0.020434
2018-07-25,0.9645,0.000726
2018-07-26,0.955,-0.00985
2018-07-27,0.9573,0.002408
2018-07-30,0.9437,-0.014207
2018-07-31,0.942,-0.001801
2018-08-01,0.9262,-0.016773
2018-08-02,0.8989,-0.029475
2018-08-03,0.8751,-0.026477
2018-08-06,0.8573,-0.020341
2018-08-07,0.88,0.026478
2018-08-08,0.859,-0.023864
2018-08-09,0.8818,0.026542
2018-08-10,0.885,0.003629
2018-08-13,0.8797,-0.005989
2018-08-14,0.8789,-0.000909
2018-08-15,0.8542,-0.028103
2018-08-16,0.8365,-0.020721
2018-08-17,0.8308,-0.006814
2018-08-20,0.8283,-0.003009
2018-08-21,0.8531,0.029941
2018-08-22,0.8475,-0.006564
2018-08-23,0.8478,0.000354
2018-08-24,0.8448,-0.003539
2018-08-27,0.8746,0.035275
2018-08-28,0.8725,-0.002401
2018-08-29,0.8684,-0.004699
2018-08-30,0.8632,-0.005988
2018-08-31,0.8501,-0.015176
2018-09-03,0.8443,-0.006823
2018-09-04,0.848,0.004382
2018-09-05,0.8283,-0.023231
2018-09-06,0.8089,-0.023421
2018-09-07,0.8198,0.013475
2018-09-10,0.8097,-0.01232
2018-09-11,0.8115,0.002223
2018-09-12,0.797,-0.017868
2018-09-13,0.7944,-0.003262
2018-09-14,0.8023,0.009945
2018-09-17,0.7982,-0.00511
2018-09-18,0.8122,0.017539
2018-09-19,0.8286,0.020192
2018-09-20,0.8239,-0.005672
2018-09-26,0.8643,0.049035
2018-10-08,0.8257,-0.04466
2018-10-09,0.8278,0.002543
2018-10-10,0.8028,-0.030201
2018-10-11,0.7675,-0.043971
2018-10-12,0.7781,0.013811
2018-10-15,0.7627,-0.019792
2018-10-16,0.7592,-0.004589
2018-10-18,0.7366,-0.029768
2018-10-19,0.7584,0.029595
2018-10-22,0.7914,0.043513
2018-10-23,0.7524,-0.04928
2018-10-24,0.7396,-0.017012
2018-10-25,0.7254,-0.0192
2018-10-26,0.7168,-0.011856
2018-10-29,0.6729,-0.061244
2018-10-30,0.6722,-0.00104
2018-10-31,0.6895,0.025736
2018-11-01,0.7016,0.017549
2018-11-02,0.7346,0.047035
2018-11-05,0.7231,-0.015655
2018-11-06,0.716,-0.009819
2018-11-07,0.7148,-0.001676
2018-11-08,0.7139,-0.001259
2018-11-09,0.7089,-0.007004
2018-11-12,0.7094,0.000705
2018-11-13,0.7229,0.01903
2018-11-14,0.7117,-0.015493
2018-11-15,0.72,0.011662
2018-11-16,0.7221,0.002917
2018-11-19,0.7303,0.011356
2018-11-20,0.7155,-0.020266
2018-11-21,0.7202,0.006569
2018-11-22,0.7186,-0.002222
2018-11-23,0.7069,-0.016282
2018-11-26,0.7032,-0.005234
2018-11-27,0.7026,-0.000853
2018-11-28,0.7109,0.011813
2018-11-29,0.7097,-0.001688
2018-11-30,0.7249,0.021418
2018-12-03,0.7518,0.037109
2018-12-04,0.7526,0.001064
2018-12-05,0.7556,0.003986
2018-12-06,0.738,-0.023293
2018-12-07,0.7365,-0.002033
2018-12-10,0.7265,-0.013578
2018-12-11,0.7323,0.007983
2018-12-12,0.7351,0.003824
2018-12-13,0.7465,0.015508
2018-12-14,0.7336,-0.017281
2018-12-17,0.7268,-0.009269
2018-12-18,0.723,-0.005228
2018-12-19,0.7122,-0.014938
2018-12-20,0.7088,-0.004774
2018-12-21,0.6972,-0.016366
2018-12-31,0.6965,-0.001004
2019-01-02,0.6848,-0.016798
2019-01-03,0.6737,-0.016209
2019-01-04,0.6852,0.01707
2019-01-07,0.6872,0.002919
2019-01-08,0.6865,-0.001019
2019-01-09,0.6952,0.012673
2019-01-10,0.6939,-0.00187
2019-01-11,0.6988,0.007062
2019-01-14,0.6897,-0.013022
2019-01-15,0.715,0.036683
2019-01-16,0.7153,0.00042
2019-01-17,0.7139,-0.001957
2019-01-18,0.7286,0.020591
2019-01-21,0.7328,0.005764
2019-01-22,0.7217,-0.015147
2019-01-23,0.7222,0.000693
2019-01-24,0.7249,0.003739
2019-01-25,0.7276,0.003725
2019-01-28,0.7307,0.004261
2019-01-29,0.7343,0.004927
2019-01-30,0.7238,-0.014299
2019-02-11,0.7656,0.057751
2019-02-12,0.7694,0.004963
2019-02-13,0.7791,0.012607
2019-02-14,0.7926,0.017328
2019-02-15,0.7786,-0.017663
2019-02-18,0.8058,0.034934
2019-02-19,0.8004,-0.006701
2019-02-20,0.7979,-0.003123
2019-02-21,0.7929,-0.006266
2019-02-22,0.8033,0.013116
2019-02-25,0.8328,0.036724
2019-02-26,0.82,-0.01537
2019-02-27,0.8303,0.012561
2019-02-28,0.8403,0.012044
2019-03-01,0.8629,0.026895
2019-03-04,0.878,0.017499
2019-03-05,0.8873,0.010592
2019-03-06,0.8842,-0.003494
2019-03-07,0.866,-0.020584
2019-03-08,0.8442,-0.025173
2019-03-11,0.8685,0.028785
2019-03-12,0.8643,-0.004836
2019-03-13,0.8587,-0.006479
2019-03-14,0.861,0.002678
2019-03-15,0.8816,0.023926
2019-03-18,0.9297,0.05456
2019-03-19,0.9161,-0.014628
2019-03-20,0.9146,-0.001637
2019-03-21,0.9112,-0.003717
2019-03-22,0.9125,0.001427
2019-03-25,0.9012,-0.012384
2019-03-26,0.9041,0.003218
2019-03-27,0.9273,0.025661
2019-03-28,0.9378,0.011323
2019-03-29,0.9812,0.046279
2019-04-01,1.0053,0.024562
2019-04-02,0.9927,-0.012534
2019-04-03,0.9873,-0.00544
2019-04-04,1.0036,0.01651
2019-04-08,1.003,-0.000598
2019-04-09,1.0205,0.017448
2019-04-10,1.0298,0.009113
2019-04-11,0.987,-0.041561
2019-04-12,0.9807,-0.006383
2019-04-15,0.9726,-0.008259
2019-04-16,0.9914,0.01933
2019-04-17,0.9945,0.003127
2019-04-18,0.9996,0.005128
2019-04-23,0.9945,-0.005102
2019-04-24,0.9939,-0.000603
2019-04-25,0.9782,-0.015796
2019-04-26,0.9878,0.009814
2019-05-06,0.9274,-0.061146
2019-05-07,0.9453,0.019301
2019-05-08,0.9373,-0.008463
2019-05-09,0.9033,-0.036274
2019-05-10,0.9478,0.049264
2019-05-14,0.9407,-0.007491
2019-05-15,0.9854,0.047518
2019-05-16,0.9978,0.012584
2019-05-17,0.9708,-0.02706
2019-05-20,0.9542,-0.017099
2019-05-21,0.9668,0.013205
2019-05-22,0.9608,-0.006206
2019-05-23,0.9344,-0.027477
2019-05-24,0.9424,0.008562
2019-05-27,0.9455,0.003289
2019-05-28,0.9583,0.013538
2019-05-29,0.9601,0.001878
2019-05-30,0.9564,-0.003854
2019-05-31,0.954,-0.002509
2019-06-03,0.9506,-0.003564
2019-06-04,0.9307,-0.020934
2019-06-05,0.9247,-0.006447
2019-06-06,0.9198,-0.005299
2019-06-10,0.9323,0.01359
2019-06-11,0.9688,0.03915
2019-06-12,0.9592,-0.009909
2019-06-13,0.9583,-0.000938
2019-06-14,0.9506,-0.008035
2019-06-17,0.9468,-0.003997
2019-06-18,0.9497,0.003063
2019-06-19,0.9643,0.015373
2019-06-20,1.0038,0.040962
2019-06-21,1.0037,-0.0001
2019-06-24,1.0156,0.011856
2019-06-25,1.0164,0.000788
2019-06-26,1.0176,0.001181
2019-06-27,1.0438,0.025747
2019-06-28,1.048,0.004024
2019-06-30,1.0479,-9.5e-05
2019-07-02,1.0945,0.04447
2019-07-03,1.0696,-0.02275
2019-07-04,1.0493,-0.018979
2019-07-05,1.0786,0.027923
2019-07-08,1.06,-0.017245
2019-07-09,1.0613,0.001226
2019-07-10,1.0661,0.004523
2019-07-11,1.0613,-0.004502
2019-07-12,1.0717,0.009799
2019-07-15,1.0648,-0.006438
2019-07-16,1.0521,-0.011927
2019-07-17,1.0494,-0.002566
2019-07-18,1.0369,-0.011912
2019-07-19,1.0462,0.008969
2019-07-22,1.0804,0.03269
2019-07-23,1.0637,-0.015457
2019-07-24,1.0711,0.006957
2019-07-25,1.0737,0.002427
2019-07-26,1.0846,0.010152
2019-07-29,1.0884,0.003504
2019-07-30,1.084,-0.004043
2019-07-31,1.071,-0.011993
2019-08-01,1.06,-0.010271
2019-08-02,1.0602,0.000189
2019-08-05,1.0398,-0.019242
2019-08-06,1.0455,0.005482
2019-08-07,1.0429,-0.002487
2019-08-08,1.0711,0.02704
2019-08-09,1.0569,-0.013257
2019-08-12,1.0806,0.022424
2019-08-13,1.0757,-0.004535
2019-08-14,1.097,0.019801
2019-08-15,1.0919,-0.004649
2019-08-16,1.1015,0.008792
2019-08-19,1.1113,0.008897
2019-08-20,1.1174,0.005489
2019-08-21,1.1112,-0.005549
2019-08-22,1.129,0.016019
2019-08-23,1.1477,0.016563
2019-08-26,1.1372,-0.009149
2019-08-27,1.1598,0.019873
2019-08-28,1.1601,0.000259
2019-08-29,1.1672,0.00612
2019-08-30,1.1919,0.021162
2019-09-02,1.2012,0.007803
2019-09-03,1.1937,-0.006244
2019-09-04,1.179,-0.012315
2019-09-05,1.1794,0.000339
2019-09-06,1.183,0.003052
2019-09-09,1.1845,0.001268
2019-09-10,1.176,-0.007176
2019-09-16,1.1456,-0.02585
2019-09-17,1.1423,-0.002881
2019-09-18,1.177,0.030377
2019-09-19,1.1795,0.002124
2019-09-20,1.1839,0.00373
2019-09-23,1.1711,-0.010812
2019-09-24,1.195,0.020408
2019-09-25,1.1881,-0.005774
2019-09-26,1.1766,-0.009679
2019-10-08,1.1751,-0.001275
2019-10-09,1.1653,-0.00834
2019-10-10,1.1757,0.008925
2019-10-11,1.18,0.003657
2019-10-14,1.1787,-0.001102
2019-10-15,1.2003,0.018325
2019-10-16,1.1932,-0.005915
2019-10-17,1.192,-0.001006
2019-10-18,1.179,-0.010906
2019-10-21,1.1771,-0.001612
2019-10-22,1.1862,0.007731
2019-10-23,1.1712,-0.012645
2019-10-24,1.1581,-0.011185
2019-10-25,1.1746,0.014247
2019-10-28,1.2068,0.027414
2019-10-29,1.214,0.005966
2019-10-30,1.2096,-0.003624
2019-10-31,1.2096,0.0
2019-11-01,1.2411,0.026042
2019-11-04,1.2472,0.004915
2019-11-05,1.2539,0.005372
2019-11-06,1.2447,-0.007337
2019-11-07,1.2589,0.011408
2019-11-08,1.2558,-0.002462
2019-11-11,1.2438,-0.009556
2019-11-12,1.2569,0.010532
2019-11-13,1.2777,0.016549
2019-11-14,1.2887,0.008609
2019-11-15,1.2822,-0.005044
2019-11-18,1.2834,0.000936
2019-11-19,1.2981,0.011454
2019-11-20,1.3011,0.002311
2019-11-21,1.2861,-0.011529
2019-11-22,1.2459,-0.031257
2019-11-25,1.2385,-0.005939
2019-11-26,1.2493,0.00872
2019-11-27,1.2455,-0.003042
2019-11-28,1.245,-0.000401
2019-11-29,1.2122,-0.026345
2019-12-02,1.2132,0.000825
2019-12-03,1.2108,-0.001978
2019-12-04,1.2149,0.003386
2019-12-05,1.2202,0.004362
2019-12-06,1.2402,0.016391
2019-12-09,1.2302,-0.008063
2019-12-10,1.2346,0.003577
2019-12-11,1.2281,-0.005265
2019-12-12,1.2208,-0.005944
2019-12-13,1.2385,0.014499
2019-12-16,1.2339,-0.003714
2019-12-17,1.2423,0.006808
2019-12-18,1.2339,-0.006762
2019-12-19,1.2307,-0.002593
2019-12-20,1.2234,-0.005932
2019-12-23,1.2148,-0.00703
2019-12-27,1.2433,0.023461
2019-12-30,1.2734,0.02421
2019-12-31,1.2779,0.003534
2020-01-02,1.2747,-0.002504
2020-01-03,1.2657,-0.00706
2020-01-06,1.2672,0.001185
2020-01-07,1.272,0.003788
2020-01-08,1.2658,-0.004874
2020-01-09,1.2848,0.01501
2020-01-10,1.3029,0.014088
2020-01-13,1.3186,0.01205
2020-01-14,1.3024,-0.012286
2020-01-15,1.3086,0.00476
2020-01-16,1.3194,0.008253
2020-01-17,1.3237,0.003259
2020-01-20,1.3306,0.005213
2020-01-21,1.3063,-0.018262
2020-02-03,1.1795,-0.097068
2020-02-04,1.2029,0.019839
2020-02-05,1.2172,0.011888
2020-02-06,1.2394,0.018239
2020-02-07,1.2387,-0.000565
2020-02-10,1.2355,-0.002583
2020-02-11,1.2581,0.018292
2020-02-12,1.2636,0.004372
2020-02-13,1.2544,-0.007281
2020-02-14,1.2476,-0.005421
2020-02-17,1.2742,0.021321
2020-02-18,1.2754,0.000942
2020-02-19,1.2786,0.002509
2020-02-20,1.3179,0.030737
2020-02-21,1.3207,0.002125
2020-02-24,1.31,-0.008102
2020-02-25,1.3205,0.008015
2020-02-26,1.2922,-0.021431
2020-02-27,1.3133,0.016329
2020-02-28,1.2646,-0.037082
2020-03-02,1.2937,0.023011
2020-03-03,1.3042,0.008116
2020-03-04,1.303,-0.00092
2020-03-05,1.3528,0.038219
2020-03-06,1.3317,-0.015597
2020-03-09,1.2871,-0.033491
2020-03-10,1.3204,0.025872
2020-03-11,1.3137,-0.005074
2020-03-12,1.281,-0.024892
2020-03-13,1.2617,-0.015066
2020-03-16,1.2082,-0.042403
2020-03-17,1.1885,-0.016305
2020-03-18,1.1535,-0.029449
2020-03-19,1.1179,-0.030863
2020-03-20,1.1584,0.036229
2020-03-23,1.1211,-0.0322
2020-03-24,1.1635,0.03782
2020-03-25,1.2059,0.036442
2020-03-26,1.2097,0.003151
2020-03-27,1.2201,0.008597
2020-03-30,1.2024,-0.014507
2020-03-31,1.2348,0.026946
2020-04-01,1.2269,-0.006398
2020-04-07,1.2722,0.036922
2020-04-08,1.2697,-0.001965
2020-04-09,1.2849,0.011971
2020-04-14,1.3167,0.024749
2020-04-15,1.3158,-0.000684
2020-04-16,1.3174,0.001216
2020-04-17,1.3332,0.011993
2020-04-20,1.335,0.00135
2020-04-21,1.3162,-0.014082
2020-04-22,1.3545,0.029099
2020-04-23,1.3577,0.002362
2020-04-24,1.3578,7.4e-05
2020-04-27,1.3738,0.011784
2020-05-06,1.4063,0.023657
2020-05-07,1.4197,0.009529
2020-05-08,1.4358,0.01134
2020-05-11,1.4377,0.001323
2020-05-12,1.4654,0.019267
2020-05-13,1.4983,0.022451
2020-05-14,1.4996,0.000868
2020-05-15,1.4883,-0.007535
2020-05-18,1.5271,0.02607
2020-05-19,1.5365,0.006155
2020-05-20,1.5223,-0.009242
2020-05-21,1.5314,0.005978
2020-05-22,1.4892,-0.027556
2020-05-25,1.5192,0.020145
2020-05-26,1.5478,0.018826
2020-05-27,1.5229,-0.016087
2020-05-28,1.525,0.001379
2020-05-29,1.5604,0.023213
2020-06-01,1.5965,0.023135
2020-06-02,1.5719,-0.015409
2020-06-03,1.5837,0.007507
2020-06-04,1.6032,0.012313
2020-06-05,1.6181,0.009294
2020-06-08,1.609,-0.005624
2020-06-09,1.6165,0.004661
2020-06-10,1.6344,0.011073
2020-06-11,1.6245,-0.006057
2020-06-12,1.6389,0.008864
2020-06-15,1.6218,-0.010434
2020-06-16,1.6543,0.020039
2020-06-17,1.6644,0.006105
2020-06-18,1.6551,-0.005588
2020-06-19,1.6867,0.019093
2020-06-22,1.6745,-0.007233
2020-06-29,1.718,0.025978
2020-06-30,1.7373,0.011234
2020-07-02,1.7715,0.019686
2020-07-03,1.7824,0.006153
2020-07-06,1.7894,0.003927
2020-07-07,1.8336,0.024701
2020-07-08,1.8477,0.00769
2020-07-09,1.8938,0.02495
2020-07-10,1.9058,0.006336
2020-07-13,1.9541,0.025344
2020-07-14,1.9424,-0.005987
2020-07-15,1.9672,0.012768
2020-07-16,1.8231,-0.073251
2020-07-17,1.8592,0.019801
2020-07-20,1.8414,-0.009574
2020-07-21,1.9023,0.033073
2020-07-22,1.9197,0.009147
2020-07-23,1.9401,0.010627
2020-07-24,1.837,-0.053142
2020-07-27,1.8474,0.005661
2020-07-28,1.8818,0.018621
2020-07-29,1.9329,0.027155
2020-07-30,1.949,0.008329
2020-07-31,1.9722,0.011904
2020-08-03,1.9981,0.013133
2020-08-04,2.0054,0.003653
2020-08-05,2.0365,0.015508
2020-08-06,1.9991,-0.018365
2020-08-07,1.9692,-0.014957
2020-08-10,1.9655,-0.001879
2020-08-11,1.9498,-0.007988
2020-08-12,1.9104,-0.020207
2020-08-13,1.8936,-0.008794
2020-08-14,1.9276,0.017955
2020-08-17,1.9535,0.013436
2020-08-18,1.9893,0.018326
2020-08-19,1.9574,-0.016036
2020-08-20,1.9271,-0.01548
2020-08-21,1.9512,0.012506
2020-08-24,2.0113,0.030802
2020-08-25,2.0295,0.009049
2020-08-26,2.0405,0.00542
2020-08-27,2.0746,0.016712
2020-08-28,2.1136,0.018799
2020-08-31,2.09,-0.011166
2020-09-01,2.0923,0.0011
2020-09-02,2.0919,-0.000191
2020-09-03,2.0838,-0.003872
2020-09-04,2.0445,-0.01886
2020-09-07,1.9771,-0.032966
2020-09-08,1.9583,-0.009509
2020-09-09,1.9157,-0.021754
2020-09-10,1.937,0.011119
2020-09-11,1.9882,0.026433
2020-09-14,1.9763,-0.005985
2020-09-15,1.9936,0.008754
2020-09-16,1.9672,-0.013242
2020-09-17,1.9283,-0.019774
2020-09-18,1.9491,0.010787
2020-09-21,1.9355,-0.006978
2020-09-22,1.924,-0.005942
2020-09-23,1.9559,0.01658
2020-09-24,1.9193,-0.018713
2020-09-25,1.9145,-0.002501
2020-09-28,1.92,0.002873
2020-10-09,2.0095,0.046615
2020-10-12,2.0911,0.040607
2020-10-14,2.1041,0.006217
2020-10-15,2.0834,-0.009838
2020-10-16,2.0669,-0.00792
2020-10-19,2.0201,-0.022643
2020-10-20,2.0487,0.014158
2020-10-21,2.0689,0.00986
2020-10-22,2.0598,-0.004398
2020-10-23,1.9988,-0.029615
2020-10-27,2.0374,0.019312
2020-10-28,2.0929,0.027241
2020-10-29,2.1338,0.019542
2020-10-30,2.0895,-0.020761
2020-11-02,2.1145,0.011965
2020-11-03,2.1297,0.007188
2020-11-04,2.162,0.015166
2020-11-05,2.2186,0.026179
2020-11-06,2.1812,-0.016857
2020-11-09,2.2226,0.01898
2020-11-10,2.2001,-0.010123
2020-11-11,2.151,-0.022317
2020-11-12,2.1957,0.020781
2020-11-13,2.2105,0.00674
2020-11-16,2.2543,0.019815
2020-11-17,2.2021,-0.023156
2020-11-18,2.1562,-0.020844
2020-11-19,2.1658,0.004452
2020-11-20,2.2002,0.015883
2020-11-23,2.1963,-0.001773
2020-11-24,2.1733,-0.010472
2020-11-25,2.1136,-0.02747
2020-11-26,2.1297,0.007617
2020-11-27,2.1393,0.004508
2020-11-30,2.1043,-0.01636
2020-12-01,2.1405,0.017203
2020-12-02,2.1198,-0.009671
2020-12-03,2.1567,0.017407
2020-12-04,2.1858,0.013493
2020-12-07,2.1945,0.00398
2020-12-08,2.2083,0.006288
2020-12-09,2.195,-0.006023
2020-12-10,2.2039,0.004055
2020-12-11,2.2189,0.006806
2020-12-14,2.2431,0.010906
2020-12-15,2.2473,0.001872
2020-12-16,2.2733,0.011569
2020-12-17,2.3382,0.028549
2020-12-18,2.3289,-0.003977
2020-12-21,2.3341,0.002233
2020-12-22,2.3393,0.002228
2020-12-23,2.3524,0.0056
2020-12-24,2.3361,-0.006929
2020-12-28,2.371,0.014939
2020-12-29,2.3766,0.002362
2020-12-30,2.4384,0.026004
2020-12-31,2.48,0.01706
2021-01-04,2.487,0.002823
2021-01-05,2.532,0.018094
2021-01-06,2.5564,0.009637
2021-01-07,2.5751,0.007315
2021-01-08,2.5546,-0.007961
2021-01-11,2.4991,-0.021726
2021-01-12,2.5468,0.019087
2021-01-13,2.5424,-0.001728
2021-01-14,2.5328,-0.003776
2021-01-15,2.5003,-0.012832
2021-01-18,2.5336,0.013318
2021-01-19,2.525,-0.003394
2021-01-20,2.6148,0.035564
2021-01-21,2.6419,0.010364
2021-01-22,2.693,0.019342
2021-01-25,2.7904,0.036168
2021-01-26,2.7001,-0.032361
2021-01-27,2.6573,-0.015851
2021-01-28,2.6015,-0.020999
2021-01-29,2.6153,0.005305
2021-02-01,2.6655,0.019195
2021-02-02,2.7297,0.024086
2021-02-03,2.7394,0.003554
2021-02-04,2.7251,-0.00522
2021-02-05,2.7544,0.010752
2021-02-08,2.7873,0.011945
2021-02-18,2.8511,0.02289
2021-02-19,2.838,-0.004595
2021-02-22,2.672,-0.058492
2021-02-23,2.663,-0.003368
2021-02-24,2.5345,-0.048254
2021-02-25,2.5284,-0.002407
2021-02-26,2.4376,-0.035912
2021-03-01,2.4871,0.020307
2021-03-02,2.4325,-0.021953
2021-03-03,2.4866,0.02224
2021-03-04,2.3646,-0.049063
2021-03-05,2.3552,-0.003975
2021-03-08,2.1995,-0.066109
2021-03-09,2.1627,-0.016731
2021-03-10,2.2344,0.033153
2021-03-11,2.3278,0.041801
2021-03-12,2.3025,-0.010869
2021-03-15,2.2125,-0.039088
2021-03-16,2.2713,0.026576
2021-03-17,2.2848,0.005944
2021-03-18,2.3402,0.024247
2021-03-19,2.2749,-0.027904
2021-03-22,2.2745,-0.000176
2021-03-23,2.255,-0.008573
2021-03-24,2.252,-0.00133
2021-03-25,2.2534,0.000622
2021-03-26,2.3286,0.033372
2021-03-29,2.3235,-0.00219
2021-03-30,2.3629,0.016957
2021-03-31,2.3343,-0.012104
2021-04-01,2.426,0.039284
2021-04-02,2.4629,0.01521
2021-04-06,2.4636,0.000284
2021-04-07,2.3967,-0.027155
2021-04-08,2.4229,0.010932
2021-04-09,2.3756,-0.019522
2021-04-12,2.3389,-0.015449
2021-04-13,2.3337,-0.002223
2021-04-14,2.3716,0.01624
2021-04-15,2.3493,-0.009403
2021-04-16,2.3601,0.004597
2021-04-19,2.3986,0.016313
2021-04-20,2.4181,0.00813
2021-04-21,2.4297,0.004797
2021-04-22,2.4411,0.004692
2021-04-23,2.5,0.024128
2021-04-26,2.4768,-0.00928
2021-04-27,2.501,0.009771
2021-04-28,2.5274,0.010556
2021-04-29,2.5293,0.000752
2021-04-30,2.4841,-0.017871
2021-05-06,2.4182,-0.026529
2021-05-07,2.3655,-0.021793
2021-05-10,2.3337,-0.013443
2021-05-11,2.3635,0.012769
2021-05-12,2.4063,0.018109
2021-05-13,2.3944,-0.004945
2021-05-14,2.4235,0.012153
2021-05-17,2.4767,0.021952
2021-05-18,2.4836,0.002786
2021-05-19,2.4831,-0.000201
2021-05-20,2.5081,0.010068
2021-05-21,2.4855,-0.009011
2021-05-24,2.495,0.003822
2021-05-25,2.5717,0.030741
2021-05-26,2.5704,-0.000506
2021-05-27,2.5723,0.000739
2021-05-28,2.5439,-0.011041
2021-05-31,2.5984,0.021424
2021-06-01,2.6399,0.015971
2021-06-02,2.6201,-0.0075
2021-06-03,2.6187,-0.000534
2021-06-04,2.6261,0.002826
2021-06-07,2.6307,0.001752
2021-06-08,2.5595,-0.027065
2021-06-09,2.5822,0.008869
2021-06-10,2.6123,0.011657
2021-06-11,2.5872,-0.009608
2021-06-15,2.5922,0.001933
2021-06-16,2.5346,-0.022221
2021-06-17,2.5652,0.012073
2021-06-18,2.588,0.008888
2021-06-21,2.5797,-0.003207
2021-06-22,2.5822,0.000969
2021-06-23,2.5699,-0.004763
2021-06-24,2.5728,0.001128
2021-06-25,2.6251,0.020328
2021-06-28,2.6459,0.007924
2021-06-29,2.6257,-0.007634
2021-06-30,2.6327,0.002666
2021-07-01,2.6416,0.003381
2021-07-02,2.5545,-0.032972
2021-07-05,2.5422,-0.004815
2021-07-06,2.4911,-0.020101
2021-07-07,2.5522,0.024527
2021-07-08,2.5088,-0.017005
2021-07-09,2.5026,-0.002471
2021-07-12,2.5407,0.015224
2021-07-13,2.5617,0.008265
2021-07-14,2.5919,0.011789
2021-07-15,2.6157,0.009182
2021-07-16,2.5792,-0.013954
2021-07-19,2.5884,0.003567
2021-07-20,2.5828,-0.002163
2021-07-21,2.5945,0.00453
2021-07-22,2.5722,-0.008595
2021-07-23,2.513,-0.023015
2021-07-26,2.355,-0.062873
2021-07-27,2.2425,-0.047771
2021-07-28,2.301,0.026087
2021-07-29,2.3769,0.032986
2021-07-30,2.3038,-0.030754
2021-08-02,2.3432,0.017102
2021-08-03,2.355,0.005036
2021-08-04,2.3729,0.007601
2021-08-05,2.3467,-0.011041
2021-08-06,2.3186,-0.011974
2021-08-09,2.3343,0.006771
2021-08-10,2.3989,0.027674
2021-08-11,2.3533,-0.019009
2021-08-12,2.3208,-0.01381
2021-08-13,2.3183,-0.001077
2021-08-16,2.3039,-0.006211
2021-08-17,2.2261,-0.033769
2021-08-18,2.2118,-0.006424
2021-08-19,2.2067,-0.002306
2021-08-20,2.1173,-0.040513
2021-08-23,2.1641,0.022104
2021-08-24,2.2384,0.034333
2021-08-25,2.2738,0.015815
2021-08-26,2.2075,-0.029158
2021-08-27,2.2004,-0.003216
2021-08-30,2.2212,0.009453
2021-08-31,2.1951,-0.01175
2021-09-01,2.1911,-0.001822
2021-09-02,2.1706,-0.009356
2021-09-03,2.1646,-0.002764
2021-09-06,2.2089,0.020466
2021-09-07,2.2209,0.005433
2021-09-08,2.2002,-0.009321
2021-09-09,2.1982,-0.000909
2021-09-10,2.2164,0.00828
2021-09-13,2.1841,-0.014573
2021-09-14,2.1873,0.001465
2021-09-15,2.1673,-0.009144
2021-09-16,2.1434,-0.011028
2021-09-17,2.1682,0.01157
2021-09-22,2.1418,-0.012176
2021-09-23,2.1314,-0.004856
2021-09-24,2.1451,0.006428
2021-09-27,2.191,0.021398
2021-09-28,2.1838,-0.003286
2021-09-29,2.1688,-0.006869
2021-09-30,2.1906,0.010052
2021-10-08,2.1739,-0.007623
2021-10-11,2.1491,-0.011408
2021-10-12,2.1405,-0.004002
2021-10-13,2.1892,0.022752
2021-10-14,2.1904,0.000548
2021-10-15,2.2005,0.004611
2021-10-18,2.1581,-0.019268
2021-10-19,2.1912,0.015338
2021-10-20,2.1993,0.003697
2021-10-21,2.1839,-0.007002
2021-10-22,2.1979,0.006411
2021-10-25,2.2146,0.007598
2021-10-26,2.2109,-0.001671
2021-10-27,2.1894,-0.009725
2021-10-28,2.1784,-0.005024
2021-10-29,2.2117,0.015286
2021-11-01,2.1846,-0.012253
2021-11-02,2.1721,-0.005722
2021-11-03,2.1426,-0.013581
2021-11-04,2.1633,0.009661
2021-11-05,2.1481,-0.007026
2021-11-08,2.1382,-0.004609
2021-11-09,2.1551,0.007904
2021-11-10,2.1537,-0.00065
2021-11-11,2.1694,0.00729
2021-11-12,2.1651,-0.001982
2021-11-15,2.1493,-0.007298
2021-11-16,2.1672,0.008328
2021-11-17,2.1877,0.009459
2021-11-18,2.1814,-0.00288
2021-11-19,2.1981,0.007656
2021-11-22,2.2225,0.0111
2021-11-23,2.2112,-0.005084
2021-11-24,2.2107,-0.000226
2021-11-25,2.2181,0.003347
2021-11-26,2.209,-0.004103
2021-11-29,2.245,0.016297
2021-11-30,2.2299,-0.006726
2021-12-01,2.2127,-0.007713
2021-12-02,2.2089,-0.001717
2021-12-03,2.2206,0.005297
2021-12-06,2.1825,-0.017158
2021-12-07,2.1673,-0.006964
2021-12-08,2.2134,0.021271
2021-12-09,2.2311,0.007997
2021-12-10,2.2332,0.000941
2021-12-13,2.2434,0.004567
2021-12-14,2.2452,0.000802
2021-12-15,2.204,-0.01835
2021-12-16,2.2047,0.000318
2021-12-17,2.1725,-0.014605
2021-12-20,2.1273,-0.020806
2021-12-21,2.1322,0.002303
2021-12-22,2.1383,0.002861
2021-12-23,2.1632,0.011645
2021-12-24,2.1454,-0.008229
2021-12-27,2.1382,-0.003356
2021-12-28,2.1526,0.006735
2021-12-29,2.12,-0.015144
2021-12-30,2.1344,0.006792
2021-12-31,2.141,0.003092
2022-01-04,2.0883,-0.024615
2022-01-05,2.0383,-0.023943
2022-01-06,2.0264,-0.005838
2022-01-07,2.0099,-0.008143
2022-01-10,2.0052,-0.002338
2022-01-11,1.9837,-0.010722
2022-01-12,2.0127,0.014619
2022-01-13,1.986,-0.013266
2022-01-14,1.9991,0.006596
2022-01-17,2.0135,0.007203
2022-01-18,2.0154,0.000944
2022-01-19,1.9889,-0.013149
2022-01-20,1.9903,0.000704
2022-01-21,1.9898,-0.000251
2022-01-24,1.9896,-0.000101
2022-01-25,1.9646,-0.012565
2022-01-26,1.9724,0.00397
2022-01-27,1.9457,-0.013537
2022-01-28,1.9273,-0.009457
2022-02-07,1.9351,0.004047
2022-02-08,1.9006,-0.017829
2022-02-09,1.9145,0.007313
2022-02-10,1.9017,-0.006686
2022-02-11,1.8871,-0.007677
2022-02-14,1.8829,-0.002226
2022-02-15,1.9042,0.011312
2022-02-16,1.9044,0.000105
2022-02-17,1.9105,0.003203
2022-02-18,1.9007,-0.00513
2022-02-21,1.8878,-0.006787
2022-02-22,1.874,-0.00731
2022-02-23,1.9013,0.014568
2022-02-24,1.8795,-0.011466
2022-02-25,1.8945,0.007981
2022-02-28,1.8995,0.002639
2022-03-01,1.9071,0.004001
2022-03-02,1.8886,-0.009701
2022-03-03,1.8731,-0.008207
2022-03-04,1.859,-0.007528
2022-03-07,1.8234,-0.01915
2022-03-08,1.8169,-0.003565
2022-03-09,1.8107,-0.003412
2022-03-10,1.8236,0.007124
2022-03-11,1.8224,-0.000658
2022-03-14,1.7936,-0.015803
2022-03-15,1.7711,-0.012545
2022-03-16,1.8061,0.019762
2022-03-17,1.8256,0.010797
2022-03-18,1.8216,-0.002191
2022-03-21,1.8235,0.001043
2022-03-22,1.8204,-0.0017
2022-03-23,1.8273,0.00379
2022-03-24,1.8192,-0.004433
2022-03-25,1.8015,-0.00973
2022-03-28,1.7915,-0.005551
2022-03-29,1.7989,0.004131
2022-03-30,1.8154,0.009172
2022-03-31,1.8024,-0.007161
2022-04-01,1.8075,0.00283
2022-04-06,1.79,-0.009682
2022-04-07,1.7808,-0.00514
2022-04-08,1.7846,0.002134
2022-04-11,1.7599,-0.013841
2022-04-12,1.7671,0.004091
2022-04-13,1.7512,-0.008998
2022-04-14,1.7519,0.0004
2022-04-15,1.7578,0.003368
2022-04-18,1.7591,0.00074
2022-04-19,1.7472,-0.006765
2022-04-20,1.7379,-0.005323
2022-04-21,1.7277,-0.005869
2022-04-22,1.7242,-0.002026
2022-04-25,1.6947,-0.017109
2022-04-26,1.6933,-0.000826
2022-04-27,1.7161,0.013465
2022-04-28,1.7157,-0.000233
2022-04-29,1.7274,0.006819
2022-05-05,1.7237,-0.002142
2022-05-06,1.7078,-0.009224
2022-05-09,1.6943,-0.007905
2022-05-10,1.7068,0.007378
2022-05-11,1.7218,0.008788
2022-05-12,1.7179,-0.002265
2022-05-13,1.7236,0.003318
2022-05-16,1.7183,-0.003075
2022-05-17,1.7327,0.00838
2022-05-18,1.7309,-0.001039
2022-05-19,1.7332,0.001329
2022-05-20,1.7437,0.006058
2022-05-23,1.7398,-0.002237
2022-05-24,1.7237,-0.009254
2022-05-25,1.7206,-0.001798
2022-05-26,1.7138,-0.003952
2022-05-27,1.718,0.002451
2022-05-30,1.7278,0.005704
2022-05-31,1.7409,0.007582
2022-06-01,1.74,-0.000517
2022-06-02,1.7469,0.003966
2022-06-06,1.7577,0.006182
2022-06-07,1.7579,0.000114
2022-06-08,1.7723,0.008192
2022-06-09,1.7542,-0.010213
2022-06-10,1.7608,0.003762
2022-06-13,1.7425,-0.010393
2022-06-14,1.7414,-0.000631
2022-06-15,1.7536,0.007006
2022-06-16,1.7591,0.003136
2022-06-17,1.7759,0.00955
2022-06-20,1.7856,0.005462
2022-06-21,1.7846,-0.00056
2022-06-22,1.7633,-0.011935
2022-06-23,1.7812,0.010151
2022-06-24,1.8094,0.015832
2022-06-27,1.8275,0.010003
2022-06-28,1.8298,0.001259
2022-06-29,1.8113,-0.01011
2022-06-30,1.839,0.015293
2022-07-01,1.8188,-0.010984
2022-07-04,1.8228,0.002199
2022-07-05,1.8231,0.000165
2022-07-06,1.8085,-0.008008
2022-07-07,1.8067,-0.000995
2022-07-08,1.8058,-0.000498
2022-07-11,1.7697,-0.019991
2022-07-12,1.749,-0.011697
2022-07-13,1.7558,0.003888
2022-07-14,1.7663,0.00598
2022-07-15,1.7577,-0.004869
2022-07-18,1.77,0.006998
2022-07-19,1.7572,-0.007232
2022-07-20,1.7729,0.008935
2022-07-21,1.7717,-0.000677
2022-07-22,1.7702,-0.000847
2022-07-25,1.7615,-0.004915
2022-07-26,1.7688,0.004144
2022-07-27,1.7561,-0.00718
2022-07-28,1.7431,-0.007403
2022-07-29,1.7049,-0.021915
2022-08-01,1.7196,0.008622
2022-08-02,1.7073,-0.007153
2022-08-03,1.7115,0.00246
2022-08-04,1.7272,0.009173
2022-08-05,1.7423,0.008742
2022-08-08,1.7322,-0.005797
2022-08-09,1.7386,0.003695
2022-08-10,1.7133,-0.014552
2022-08-11,1.7377,0.014242
2022-08-12,1.7324,-0.00305
2022-08-15,1.7248,-0.004387
2022-08-16,1.7061,-0.010842
2022-08-17,1.7213,0.008909
2022-08-18,1.7062,-0.008772
2022-08-19,1.699,-0.00422
2022-08-22,1.7082,0.005415
2022-08-23,1.6958,-0.007259
2022-08-24,1.6686,-0.01604
2022-08-25,1.6938,0.015102
2022-08-26,1.6954,0.000945
2022-08-29,1.691,-0.002595
2022-08-30,1.6854,-0.003312
2022-08-31,1.6953,0.005874
2022-09-01,1.6759,-0.011443
2022-09-02,1.6689,-0.004177
2022-09-05,1.6555,-0.008029
2022-09-06,1.655,-0.000302
2022-09-07,1.6595,0.002719
2022-09-08,1.6559,-0.002169
2022-09-09,1.6765,0.01244
2022-09-13,1.6811,0.002744
2022-09-14,1.6674,-0.008149
2022-09-15,1.648,-0.011635
2022-09-16,1.6189,-0.017658
2022-09-19,1.6038,-0.009327
2022-09-20,1.6132,0.005861
2022-09-21,1.5906,-0.014009
2022-09-22,1.5812,-0.00591
2022-09-23,1.5698,-0.00721
2022-09-26,1.5896,0.012613
2022-09-27,1.6156,0.016356
2022-09-28,1.5897,-0.016031
2022-09-29,1.5931,0.002139
2022-09-30,1.5759,-0.010797
2022-10-10,1.5338,-0.026715
2022-10-11,1.5226,-0.007302
2022-10-12,1.5389,0.010705
2022-10-13,1.5213,-0.011437
2022-10-14,1.5546,0.021889
2022-10-17,1.5406,-0.009006
2022-10-18,1.5461,0.00357
2022-10-19,1.5131,-0.021344
2022-10-20,1.5111,-0.001322
2022-10-21,1.4991,-0.007941
2022-10-24,1.433,-0.044093
2022-10-25,1.4292,-0.002652
2022-10-26,1.4505,0.014903
2022-10-27,1.4121,-0.026474
2022-10-28,1.3943,-0.012605
2022-10-31,1.3758,-0.013268
2022-11-01,1.435,0.04303
2022-11-02,1.4607,0.017909
2022-11-03,1.4511,-0.006572
2022-11-04,1.5075,0.038867
2022-11-07,1.514,0.004312
2022-11-08,1.4999,-0.009313
2022-11-09,1.477,-0.015268
2022-11-10,1.4658,-0.007583
2022-11-11,1.5188,0.036158
2022-11-14,1.501,-0.01172
2022-11-15,1.5454,0.02958
2022-11-16,1.5356,-0.006341
2022-11-17,1.5184,-0.011201
2022-11-18,1.5291,0.007047
2022-11-21,1.5027,-0.017265
2022-11-22,1.4844,-0.012178
2022-11-23,1.4873,0.001954
2022-11-24,1.4849,-0.001614
2022-11-25,1.4797,-0.003502
2022-11-28,1.4744,-0.003582
2022-11-29,1.5242,0.033776
2022-11-30,1.5304,0.004068
2022-12-01,1.5528,0.014637
2022-12-02,1.5522,-0.000386
2022-12-05,1.5742,0.014173
2022-12-06,1.5933,0.012133
2022-12-07,1.5831,-0.006402
2022-12-08,1.6003,0.010865
2022-12-09,1.6238,0.014685
2022-12-12,1.5988,-0.015396
2022-12-13,1.6074,0.005379
2022-12-14,1.6161,0.005412
2022-12-15,1.6128,-0.002042
2022-12-16,1.612,-0.000496
2022-12-19,1.598,-0.008685
2022-12-20,1.5686,-0.018398
2022-12-21,1.5746,0.003825
2022-12-22,1.5905,0.010098
2022-12-23,1.5792,-0.007105
2022-12-26,1.5891,0.006269
2022-12-27,1.6177,0.017998
2022-12-28,1.6186,0.000556
2022-12-29,1.6132,-0.003336
2022-12-30,1.6101,-0.001922
2022-12-31,1.61,-6.2e-05
2023-01-03,1.6119,0.00118
2023-01-04,1.6121,0.000124
2023-01-05,1.6477,0.022083
2023-01-06,1.6451,-0.001578
2023-01-09,1.6593,0.008632
2023-01-10,1.6672,0.004761
2023-01-11,1.6578,-0.005638
2023-01-12,1.6503,-0.004524
2023-01-13,1.6744,0.014603
2023-01-16,1.6901,0.009376
2023-01-17,1.6907,0.000355
2023-01-18,1.6852,-0.003253
2023-01-19,1.6813,-0.002314
2023-01-20,1.6849,0.002141
2023-01-30,1.6909,0.003561
2023-01-31,1.6616,-0.017328
2023-02-01,1.6786,0.010231
2023-02-02,1.6798,0.000715
2023-02-03,1.6618,-0.010716
2023-02-06,1.6322,-0.017812
2023-02-07,1.6305,-0.001042
2023-02-08,1.6124,-0.011101
2023-02-09,1.6403,0.017303
2023-02-10,1.6248,-0.009449
2023-02-13,1.6505,0.015817
2023-02-14,1.6481,-0.001454
2023-02-15,1.6363,-0.00716
2023-02-16,1.6322,-0.002506
2023-02-17,1.607,-0.015439
2023-02-20,1.6323,0.015744
2023-02-21,1.6103,-0.013478
2023-02-22,1.6002,-0.006272
2023-02-23,1.5916,-0.005374
2023-02-24,1.5701,-0.013508
2023-02-27,1.5702,6.4e-05
2023-02-28,1.5714,0.000764
2023-03-01,1.5924,0.013364
2023-03-02,1.5802,-0.007661
2023-03-03,1.5861,0.003734
2023-03-06,1.5801,-0.003783
2023-03-07,1.5497,-0.019239
2023-03-08,1.5393,-0.006711
2023-03-09,1.5378,-0.000974
2023-03-10,1.5232,-0.009494
2023-03-13,1.5375,0.009388
2023-03-14,1.5349,-0.001691
2023-03-15,1.5238,-0.007232
2023-03-16,1.5245,0.000459
2023-03-17,1.5189,-0.003673
2023-03-20,1.5106,-0.005464
2023-03-21,1.5297,0.012644
2023-03-22,1.5277,-0.001307
2023-03-23,1.5455,0.011652
2023-03-24,1.541,-0.002912
2023-03-27,1.5347,-0.004088
2023-03-28,1.5457,0.007168
2023-03-29,1.5543,0.005564
2023-03-30,1.567,0.008171
2023-03-31,1.5789,0.007594
2023-04-03,1.5766,-0.001457
2023-04-04,1.5741,-0.001586
2023-04-06,1.5689,-0.003303
2023-04-07,1.5711,0.001402
2023-04-10,1.5672,-0.002482
2023-04-11,1.5583,-0.005679
2023-04-12,1.5403,-0.011551
2023-04-13,1.5435,0.002078
2023-04-14,1.5531,0.00622
2023-04-17,1.555,0.001223
2023-04-18,1.5453,-0.006238
2023-04-19,1.542,-0.002136
2023-04-20,1.5335,-0.005512
2023-04-21,1.483,-0.032931
2023-04-24,1.4661,-0.011396
2023-04-25,1.4334,-0.022304
2023-04-26,1.4318,-0.001116
2023-04-27,1.4415,0.006775
2023-04-28,1.4615,0.013874
2023-05-04,1.4517,-0.006705
2023-05-05,1.4253,-0.018186
2023-05-08,1.4271,0.001263
2023-05-09,1.4,-0.01899
2023-05-10,1.4191,0.013643
2023-05-11,1.4225,0.002396
2023-05-12,1.4097,-0.008998
2023-05-15,1.4374,0.01965
2023-05-16,1.4431,0.003965
2023-05-17,1.4547,0.008038
2023-05-18,1.4546,-6.9e-05
2023-05-19,1.4698,0.01045
2023-05-22,1.4754,0.00381
2023-05-23,1.4695,-0.003999
2023-05-24,1.478,0.005784
2023-05-25,1.4818,0.002571
2023-05-26,1.4839,0.001417
2023-05-29,1.4772,-0.004515
2023-05-30,1.4863,0.00616
2023-05-31,1.4795,-0.004575
2023-06-01,1.4936,0.00953
2023-06-02,1.5053,0.007833
2023-06-05,1.5009,-0.002923
2023-06-06,1.4787,-0.014791
2023-06-07,1.4772,-0.001014
2023-06-08,1.4556,-0.014622
2023-06-09,1.4597,0.002817
2023-06-12,1.4686,0.006097
2023-06-13,1.4802,0.007899
2023-06-14,1.4752,-0.003378
2023-06-15,1.4961,0.014168
2023-06-16,1.4987,0.001738
2023-06-19,1.4996,0.000601
2023-06-20,1.4987,-0.0006
2023-06-21,1.477,-0.014479
2023-06-26,1.4542,-0.015437
2023-06-27,1.4705,0.011209
2023-06-28,1.4706,6.8e-05
2023-06-29,1.4803,0.006596
2023-06-30,1.4987,0.01243
2023-07-03,1.4929,-0.00387
2023-07-04,1.505,0.008105
2023-07-05,1.4999,-0.003389
2023-07-06,1.4968,-0.002067
2023-07-07,1.4908,-0.004009
2023-07-10,1.489,-0.001207
2023-07-11,1.5013,0.008261
2023-07-12,1.4889,-0.00826
2023-07-13,1.5025,0.009134
2023-07-14,1.4939,-0.005724
2023-07-17,1.4832,-0.007162
2023-07-18,1.4889,0.003843
2023-07-19,1.4828,-0.004097
2023-07-20,1.4711,-0.00789
2023-07-21,1.4646,-0.004418
2023-07-24,1.4638,-0.000546
2023-07-25,1.4834,0.01339
2023-07-26,1.4801,-0.002225
2023-07-27,1.4646,-0.010472
2023-07-28,1.4754,0.007374
2023-07-31,1.4754,0.0
2023-08-01,1.4621,-0.009015
2023-08-02,1.4622,6.8e-05
2023-08-03,1.4707,0.005813
2023-08-04,1.4666,-0.002788
2023-08-07,1.4531,-0.009205
2023-08-08,1.4482,-0.003372
2023-08-09,1.4438,-0.003038
2023-08-10,1.4451,0.0009
2023-08-11,1.4236,-0.014878
2023-08-14,1.4254,0.001264
2023-08-15,1.4173,-0.005683
2023-08-16,1.4078,-0.006703
2023-08-17,1.4231,0.010868
2023-08-18,1.4092,-0.009767
2023-08-21,1.3926,-0.01178
2023-08-22,1.3871,-0.003949
2023-08-23,1.3644,-0.016365
2023-08-24,1.3715,0.005204
2023-08-25,1.3571,-0.010499
2023-08-28,1.3628,0.0042
2023-08-29,1.4097,0.034414
2023-08-30,1.4229,0.009364
2023-08-31,1.413,-0.006958
2023-09-01,1.4168,0.002689
2023-09-04,1.425,0.005788
2023-09-05,1.4201,-0.003439
2023-09-06,1.4223,0.001549
2023-09-07,1.3953,-0.018983
2023-09-08,1.3923,-0.00215
2023-09-11,1.4032,0.007829
2023-09-12,1.403,-0.000143
2023-09-13,1.3847,-0.013043
2023-09-14,1.3727,-0.008666
2023-09-15,1.3784,0.004152
2023-09-18,1.3903,0.008633
2023-09-19,1.3838,-0.004675
2023-09-20,1.3793,-0.003252
2023-09-21,1.3646,-0.010658
2023-09-22,1.3852,0.015096
2023-09-25,1.381,-0.003032
2023-09-26,1.3746,-0.004634
2023-09-27,1.3785,0.002837
2023-09-28,1.3763,-0.001596
2023-10-09,1.3638,-0.009082
2023-10-10,1.353,-0.007919
2023-10-11,1.3607,0.005691
2023-10-12,1.3723,0.008525
2023-10-13,1.3585,-0.010056
2023-10-16,1.3439,-0.010747
2023-10-17,1.34,-0.002902
2023-10-18,1.3124,-0.020597
2023-10-19,1.3039,-0.006477
2023-10-20,1.2892,-0.011274
2023-10-23,1.2665,-0.017608
2023-10-24,1.295,0.022503
2023-10-25,1.2929,-0.001622
2023-10-26,1.2963,0.00263
2023-10-27,1.3443,0.037028
2023-10-30,1.3787,0.02559
2023-10-31,1.3592,-0.014144
2023-11-01,1.3634,0.00309
2023-11-02,1.3456,-0.013056
2023-11-03,1.3627,0.012708
2023-11-06,1.3866,0.017539
2023-11-07,1.3814,-0.00375
2023-11-08,1.3839,0.00181
2023-11-09,1.3769,-0.005058
2023-11-10,1.3837,0.004939
2023-11-13,1.3847,0.000723
2023-11-14,1.3941,0.006788
2023-11-15,1.3989,0.003443
2023-11-16,1.3797,-0.013725
2023-11-17,1.3904,0.007755
2023-11-20,1.4051,0.010572
2023-11-21,1.398,-0.005053
2023-11-22,1.383,-0.01073
2023-11-23,1.3975,0.010484
2023-11-24,1.3929,-0.003292
2023-11-27,1.3915,-0.001005
2023-11-28,1.4031,0.008336
2023-11-29,1.3929,-0.00727
2023-11-30,1.3922,-0.000503
2023-12-01,1.3918,-0.000287
2023-12-04,1.3854,-0.004598
2023-12-05,1.3649,-0.014797
2023-12-06,1.369,0.003004
2023-12-07,1.3643,-0.003433
2023-12-08,1.3618,-0.001832
2023-12-11,1.3752,0.00984
2023-12-12,1.3681,-0.005163
2023-12-13,1.3521,-0.011695
2023-12-14,1.3537,0.001183
2023-12-15,1.3481,-0.004137
2023-12-18,1.3348,-0.009866
2023-12-19,1.3373,0.001873
2023-12-20,1.3283,-0.00673
2023-12-21,1.3384,0.007604
2023-12-22,1.3287,-0.007247
2023-12-25,1.3337,0.003763
2023-12-26,1.3199,-0.010347
2023-12-27,1.3384,0.014016
2023-12-28,1.3553,0.012627
2023-12-29,1.3704,0.011141
2023-12-31,1.3702,-0.000146
2024-01-02,1.373,0.002043
2024-01-03,1.3572,-0.011508
2024-01-04,1.3474,-0.007221
2024-01-05,1.3288,-0.013804
2024-01-08,1.3013,-0.020695
2024-01-09,1.3087,0.005687
2024-01-10,1.3025,-0.004738
2024-01-11,1.3195,0.013052
2024-01-12,1.3149,-0.003486
2024-01-15,1.308,-0.005248
2024-01-16,1.3077,-0.000229
2024-01-17,1.2785,-0.022329
2024-01-18,1.2764,-0.001643
2024-01-19,1.2655,-0.00854
2024-01-22,1.2041,-0.048518
2024-01-23,1.2066,0.002076
2024-01-24,1.2169,0.008536
2024-01-25,1.2437,0.022023
2024-01-26,1.2287,-0.012061
2024-01-29,1.201,-0.022544
2024-01-30,1.1616,-0.032806
2024-01-31,1.1353,-0.022641
2024-02-01,1.1293,-0.005285
2024-02-02,1.1021,-0.024086
2024-02-05,1.0731,-0.026313
2024-02-06,1.1209,0.044544
2024-02-07,1.1326,0.010438
2024-02-08,1.1927,0.053064
2024-02-19,1.1955,0.002348
2024-02-20,1.1962,0.000586
2024-02-21,1.2056,0.007858
2024-02-22,1.2125,0.005723
2024-02-23,1.2234,0.00899
2024-02-26,1.2373,0.011362
2024-02-27,1.2592,0.0177
2024-02-28,1.1987,-0.048046
2024-02-29,1.2321,0.027864
2024-03-01,1.2367,0.003733
2024-03-04,1.2376,0.000728
2024-03-05,1.2305,-0.005737
2024-03-06,1.2261,-0.003576
2024-03-07,1.2174,-0.007096
2024-03-08,1.2285,0.009118
2024-03-11,1.2589,0.024746
2024-03-12,1.2711,0.009691
2024-03-13,1.2699,-0.000944
2024-03-14,1.2629,-0.005512
2024-03-15,1.272,0.007206
2024-03-18,1.2883,0.012814
2024-03-19,1.2901,0.001397
2024-03-20,1.2893,-0.00062
2024-03-21,1.2958,0.005041
2024-03-22,1.2758,-0.015434
2024-03-25,1.2582,-0.013795
2024-03-26,1.2612,0.002384
2024-03-27,1.2421,-0.015144
2024-03-28,1.2519,0.00789
2024-03-29,1.2704,0.014778
2024-04-01,1.2948,0.019207
2024-04-02,1.2805,-0.011044
2024-04-03,1.2826,0.00164
2024-04-08,1.262,-0.016061
2024-04-09,1.2806,0.014739
2024-04-10,1.2556,-0.019522
2024-04-11,1.2529,-0.00215
2024-04-12,1.2442,-0.006944
2024-04-15,1.228,-0.01302
2024-04-16,1.1858,-0.034365
2024-04-17,1.2185,0.027576
2024-04-18,1.2211,0.002134
2024-04-19,1.2172,-0.003194
2024-04-22,1.2323,0.012406
2024-04-23,1.2392,0.005599
2024-04-24,1.2446,0.004358
2024-04-25,1.2536,0.007231
2024-04-26,1.2604,0.005424
2024-04-29,1.2768,0.013012
2024-04-30,1.2859,0.007127
2024-05-06,1.3111,0.019597
2024-05-07,1.3107,-0.000305
2024-05-08,1.314,0.002518
2024-05-09,1.3268,0.009741
2024-05-10,1.3171,-0.007311
2024-05-13,1.3182,0.000835
2024-05-14,1.3322,0.010621
2024-05-15,1.3217,-0.007882
2024-05-16,1.3165,-0.003934
2024-05-17,1.3251,0.006532
2024-05-20,1.3316,0.004905
2024-05-21,1.3339,0.001727
2024-05-22,1.3254,-0.006372
2024-05-23,1.3034,-0.016599
2024-05-24,1.2968,-0.005064
2024-05-27,1.303,0.004781
2024-05-28,1.2875,-0.011896
2024-05-29,1.2839,-0.002796
2024-05-30,1.2779,-0.004673
2024-05-31,1.2815,0.002817
2024-06-03,1.2751,-0.004994
2024-06-04,1.2796,0.003529
2024-06-05,1.2598,-0.015474
2024-06-06,1.2308,-0.02302
2024-06-07,1.2313,0.000406
2024-06-11,1.2446,0.010802
2024-06-12,1.2351,-0.007633
2024-06-13,1.2154,-0.01595
2024-06-14,1.2093,-0.005019
2024-06-17,1.2076,-0.001406
2024-06-18,1.204,-0.002981
2024-06-19,1.185,-0.015781
2024-06-20,1.1724,-0.010633
2024-06-21,1.1822,0.008359
2024-06-24,1.1438,-0.032482
2024-06-25,1.1438,0.0
2024-06-26,1.1666,0.019934
2024-06-27,1.1483,-0.015687
2024-06-28,1.142,-0.005486
2024-06-30,1.1419,-8.8e-05
2024-07-01,1.1562,0.012523
2024-07-02,1.1464,-0.008476
2024-07-03,1.131,-0.013433
2024-07-04,1.1072,-0.021043
2024-07-05,1.1404,0.029986
2024-07-08,1.1124,-0.024553
2024-07-09,1.1067,-0.005124
2024-07-10,1.106,-0.000633
2024-07-11,1.1231,0.015461
2024-07-12,1.1294,0.005609
2024-07-15,1.1196,-0.008677
2024-07-16,1.1176,-0.001786
2024-07-17,1.1302,0.011274
2024-07-18,1.1346,0.003893
2024-07-19,1.1331,-0.001322
2024-07-22,1.1332,8.8e-05
2024-07-23,1.099,-0.03018
2024-07-24,1.0751,-0.021747
2024-07-25,1.0735,-0.001488
2024-07-26,1.0773,0.00354
2024-07-29,1.0634,-0.012903
2024-07-30,1.058,-0.005078
2024-07-31,1.1055,0.044896
2024-08-01,1.0927,-0.011578
2024-08-02,1.1007,0.007321
2024-08-05,1.093,-0.006996
2024-08-06,1.1102,0.015737
2024-08-07,1.1012,-0.008107
2024-08-08,1.1092,0.007265
2024-08-09,1.0918,-0.015687
2024-08-12,1.1021,0.009434
2024-08-13,1.0986,-0.003176
2024-08-14,1.0851,-0.012288
2024-08-15,1.0851,0.0
2024-08-16,1.0893,0.003871
2024-08-19,1.0826,-0.006151
2024-08-20,1.0658,-0.015518
2024-08-21,1.057,-0.008257
2024-08-22,1.0483,-0.008231
2024-08-23,1.0418,-0.006201
2024-08-26,1.0368,-0.004799
2024-08-27,1.0358,-0.000965
2024-08-28,1.0381,0.002221
2024-08-29,1.0508,0.012234
2024-08-30,1.0681,0.016464
2024-09-02,1.0509,-0.016103
2024-09-03,1.0638,0.012275
2024-09-04,1.0759,0.011374
2024-09-05,1.0875,0.010782
2024-09-06,1.0615,-0.023908
2024-09-09,1.0575,-0.003768
2024-09-10,1.0521,-0.005106
2024-09-11,1.0568,0.004467
2024-09-12,1.0425,-0.013531
2024-09-13,1.0308,-0.011223
2024-09-18,1.0304,-0.000388
2024-09-19,1.0354,0.004852
2024-09-20,1.021,-0.013908
2024-09-23,1.012,-0.008815
2024-09-24,1.0436,0.031225
2024-09-25,1.0515,0.00757
2024-09-26,1.0857,0.032525
2024-09-27,1.1433,0.053053
2024-09-30,1.2649,0.106359
2024-10-08,1.3606,0.075658
2024-10-09,1.2453,-0.084742
2024-10-10,1.2416,-0.002971
2024-10-11,1.1963,-0.036485
2024-10-14,1.2174,0.017638
2024-10-15,1.1928,-0.020207
2024-10-16,1.1896,-0.002683
2024-10-17,1.1841,-0.004623
2024-10-18,1.225,0.034541
2024-10-21,1.229,0.003265
2024-10-22,1.2346,0.004557
2024-10-23,1.2406,0.00486
2024-10-24,1.2428,0.001773
2024-10-25,1.2715,0.023093
2024-10-28,1.2879,0.012898
2024-10-29,1.2609,-0.020964
2024-10-30,1.2537,-0.00571
2024-10-31,1.2586,0.003908
2024-11-01,1.2495,-0.00723
2024-11-04,1.2652,0.012565
2024-11-05,1.2903,0.019839
2024-11-06,1.288,-0.001783
2024-11-07,1.3091,0.016382
2024-11-08,1.3137,0.003514
2024-11-11,1.3508,0.028241
2024-11-12,1.3483,-0.001851
2024-11-13,1.3455,-0.002077
2024-11-14,1.3133,-0.023932
2024-11-15,1.2938,-0.014848
2024-11-18,1.2741,-0.015226
2024-11-19,1.3015,0.021505
2024-11-20,1.3374,0.027584
2024-11-21,1.3332,-0.00314
2024-11-22,1.2832,-0.037504
2024-11-25,1.2917,0.006624
2024-11-26,1.2959,0.003252
2024-11-27,1.3228,0.020758
2024-11-28,1.3235,0.000529
2024-11-29,1.3512,0.020929
2024-12-02,1.3677,0.012211
2024-12-03,1.369,0.000951
2024-12-04,1.3464,-0.016508
2024-12-05,1.3592,0.009507
2024-12-06,1.3765,0.012728
2024-12-09,1.3603,-0.011769
2024-12-10,1.3708,0.007719
2024-12-11,1.3839,0.009556
2024-12-12,1.4054,0.015536
2024-12-13,1.3876,-0.012665
2024-12-16,1.3811,-0.004684
2024-12-17,1.3546,-0.019188
2024-12-18,1.3524,-0.001624
2024-12-19,1.3446,-0.005768
2024-12-20,1.3587,0.010486
2024-12-23,1.3308,-0.020534
2024-12-24,1.3398,0.006763
2024-12-25,1.3272,-0.009404
2024-12-26,1.3274,0.000151
2024-12-27,1.3417,0.010773
2024-12-30,1.336,-0.004248
2024-12-31,1.3218,-0.010629
2025-01-02,1.3033,-0.013996
2025-01-03,1.2769,-0.020256
2025-01-06,1.2763,-0.00047
2025-01-07,1.2765,0.000157
2025-01-08,1.2689,-0.005954
2025-01-09,1.2684,-0.000394
2025-01-10,1.2453,-0.018212
2025-01-13,1.2506,0.004256
2025-01-14,1.2865,0.028706
2025-01-15,1.2751,-0.008861
2025-01-16,1.2794,0.003372
2025-01-17,1.2985,0.014929
2025-01-20,1.3078,0.007162
2025-01-21,1.3134,0.004282
2025-01-22,1.3,-0.010203
2025-01-23,1.2972,-0.002154
2025-01-24,1.3065,0.007169
2025-01-27,1.3076,0.000842
2025-02-05,1.2987,-0.006806
2025-02-06,1.3115,0.009856
2025-02-07,1.3228,0.008616
2025-02-10,1.3529,0.022755
2025-02-11,1.3481,-0.003548
2025-02-12,1.3517,0.00267
2025-02-13,1.3492,-0.00185
2025-02-14,1.3828,0.024904
2025-02-17,1.3866,0.002748
2025-02-18,1.3521,-0.024881
2025-02-19,1.3638,0.008653
2025-02-20,1.3911,0.020018
2025-02-21,1.3882,-0.002085
2025-02-24,1.3869,-0.000936
2025-02-25,1.3727,-0.010239
2025-02-26,1.3864,0.00998
2025-02-27,1.3999,0.009737
2025-02-28,1.3839,-0.011429
2025-03-03,1.3954,0.00831
2025-03-04,1.4026,0.00516
2025-03-05,1.4022,-0.000285
2025-03-06,1.428,0.0184
2025-03-07,1.4268,-0.00084
2025-03-10,1.4331,0.004415
2025-03-11,1.4401,0.004885
2025-03-12,1.4268,-0.009235
2025-03-13,1.4203,-0.004556
2025-03-14,1.4628,0.029923
2025-03-17,1.4602,-0.001777
2025-03-18,1.4585,-0.001164
2025-03-19,1.4537,-0.003291
2025-03-20,1.4496,-0.00282
2025-03-21,1.4272,-0.015453
2025-03-24,1.4175,-0.006797
2025-03-25,1.4099,-0.005362
2025-03-26,1.4169,0.004965
2025-03-27,1.4326,0.011081
2025-03-28,1.4227,-0.006911
2025-03-31,1.4112,-0.008083
2025-04-01,1.4435,0.022888
2025-04-02,1.4528,0.006443
2025-04-03,1.4597,0.004749
2025-04-07,1.3345,-0.085771
2025-04-08,1.396,0.046085
2025-04-09,1.4129,0.012106
2025-04-10,1.4595,0.032982
2025-04-11,1.4548,-0.00322
2025-04-14,1.466,0.007699
2025-04-15,1.471,0.003411
2025-04-16,1.4641,-0.004691
2025-04-17,1.4689,0.003278
2025-04-18,1.4375,-0.021377
2025-04-21,1.473,0.024696
2025-04-22,1.4947,0.014732
2025-04-23,1.4811,-0.009099
2025-04-24,1.4886,0.005064
2025-04-25,1.4808,-0.00524
2025-04-28,1.4655,-0.010332
2025-04-29,1.4916,0.01781
2025-04-30,1.4837,-0.005296
2025-05-06,1.4939,0.006875
2025-05-07,1.4928,-0.000736
2025-05-08,1.4962,0.002278
2025-05-09,1.5031,0.004612
2025-05-12,1.5046,0.000998
2025-05-13,1.5062,0.001063
2025-05-14,1.5011,-0.003386
2025-05-15,1.5128,0.007794
2025-05-16,1.5323,0.01289
2025-05-19,1.5573,0.016315
2025-05-20,1.597,0.025493
2025-05-21,1.5883,-0.005448
2025-05-22,1.5628,-0.016055
2025-05-23,1.5546,-0.005247
2025-05-26,1.5624,0.005017
2025-05-27,1.5754,0.008321
2025-05-28,1.5749,-0.000317
2025-05-29,1.5843,0.005969
2025-05-30,1.5753,-0.005681
2025-06-03,1.5899,0.009268
2025-06-04,1.6147,0.015598
2025-06-05,1.5882,-0.016412
2025-06-06,1.567,-0.013348
2025-06-09,1.5755,0.005424
2025-06-10,1.5771,0.001016
2025-06-11,1.5859,0.00558
2025-06-12,1.5798,-0.003846
2025-06-13,1.5427,-0.023484
2025-06-16,1.5421,-0.000389
2025-06-17,1.5294,-0.008236
2025-06-18,1.5182,-0.007323
2025-06-19,1.5061,-0.00797
2025-06-20,1.4946,-0.007636
2025-06-23,1.5027,0.00542
2025-06-24,1.5219,0.012777
2025-06-25,1.5388,0.011105
2025-06-26,1.527,-0.007668
2025-06-27,1.536,0.005894
2025-06-30,1.5581,0.014388
2025-07-01,1.5712,0.008408
2025-07-02,1.5623,-0.005664
2025-07-03,1.5818,0.012482
2025-07-04,1.5732,-0.005437
2025-07-07,1.5744,0.000763
2025-07-08,1.5801,0.00362
2025-07-09,1.5767,-0.002152
2025-07-10,1.5777,0.000634
2025-07-11,1.5854,0.004881
2025-07-14,1.5839,-0.000946
2025-07-15,1.5749,-0.005682
2025-07-16,1.5826,0.004889
2025-07-17,1.5858,0.002022
2025-07-18,1.5833,-0.001576
2025-07-21,1.5992,0.010042
2025-07-22,1.6153,0.010068
2025-07-23,1.6179,0.00161
2025-07-24,1.637,0.011805
2025-07-25,1.638,0.000611
2025-07-28,1.6408,0.001709
2025-07-29,1.6364,-0.002682
2025-07-30,1.658,0.0132
2025-07-31,1.6136,-0.026779
2025-08-01,1.6229,0.005764
2025-08-04,1.6226,-0.000185
2025-08-05,1.6267,0.002527
2025-08-06,1.6371,0.006393
2025-08-07,1.6322,-0.002993
2025-08-08,1.6369,0.00288
2025-08-11,1.65,0.008003
2025-08-12,1.6546,0.002788
2025-08-13,1.6637,0.0055
2025-08-14,1.6485,-0.009136
2025-08-15,1.6742,0.01559
2025-08-18,1.6815,0.00436
2025-08-19,1.672,-0.00565
2025-08-20,1.6903,0.010945
2025-08-21,1.7065,0.009584
2025-08-22,1.7082,0.000996
2025-08-25,1.7241,0.009308
2025-08-26,1.7572,0.019198
2025-08-27,1.7332,-0.013658
2025-08-28,1.7351,0.001096
2025-08-29,1.7543,0.011066
2025-09-01,1.7778,0.013396
2025-09-02,1.7443,-0.018844
2025-09-03,1.7332,-0.006364
2025-09-04,1.7243,-0.005135
2025-09-05,1.7582,0.01966
2025-09-08,1.7982,0.022751
2025-09-09,1.7857,-0.006951
2025-09-10,1.7686,-0.009576
2025-09-11,1.7789,0.005824
2025-09-12,1.784,0.002867
2025-09-15,1.7764,-0.00426
2025-09-16,1.7886,0.006868
2025-09-17,1.7876,-0.000559
2025-09-18,1.7594,-0.015775
2025-09-19,1.7676,0.004661
2025-09-22,1.7405,-0.015332
2025-09-23,1.7178,-0.013042
2025-09-24,1.7414,0.013739
2025-09-25,1.7395,-0.001091
2025-09-26,1.7445,0.002874
2025-09-29,1.7633,0.010777
2025-09-30,1.7746,0.006408
2025-10-09,1.7754,0.000451
2025-10-10,1.7886,0.007435
2025-10-13,1.7668,-0.012188
2025-10-14,1.7341,-0.018508
2025-10-15,1.7683,0.019722
2025-10-16,1.7478,-0.011593
2025-10-17,1.7236,-0.013846
2025-10-20,1.7335,0.005744
2025-10-21,1.752,0.010672
2025-10-22,1.7207,-0.017865
2025-10-23,1.7336,0.007497
2025-10-24,1.7258,-0.004499
2025-10-27,1.7331,0.00423
2025-10-28,1.7234,-0.005597
2025-10-29,1.7419,0.010735
2025-10-30,1.7391,-0.001607
2025-10-31,1.7426,0.002013
2025-11-03,1.7541,0.006599
2025-11-04,1.7261,-0.015963
2025-11-05,1.7416,0.00898
2025-11-06,1.7558,0.008153
2025-11-07,1.7834,0.015719
2025-11-10,1.8415,0.032578
2025-11-11,1.8451,0.001955
2025-11-12,1.844,-0.000596
2025-11-13,1.8922,0.026139
2025-11-14,1.8707,-0.011362
2025-11-17,1.8479,-0.012188
2025-11-18,1.8203,-0.014936
2025-11-19,1.8233,0.001648
2025-11-20,1.7955,-0.015247
2025-11-21,1.7324,-0.035143
2025-11-24,1.7433,0.006292
2025-11-25,1.7541,0.006195
2025-11-26,1.748,-0.003478
2025-11-27,1.7721,0.013787
2025-11-28,1.7893,0.009706
2025-12-01,1.8087,0.010842
2025-12-02,1.8037,-0.002764
2025-12-03,1.8213,0.009758
2025-12-04,1.7967,-0.013507
2025-12-05,1.8184,0.012078
2025-12-08,1.8018,-0.009129
2025-12-09,1.7694,-0.017982
2025-12-10,1.7819,0.007065
2025-12-11,1.7581,-0.013357
2025-12-12,1.765,0.003925
2025-12-15,1.7877,0.012861
2025-12-16,1.781,-0.003748
2025-12-17,1.8195,0.021617
2025-12-18,1.8301,0.005826
2025-12-19,1.8426,0.00683
2025-12-22,1.8458,0.001737
2025-12-23,1.8386,-0.003901
2025-12-24,1.86,0.011639
2025-12-25,1.878,0.009677
2025-12-26,1.8785,0.000266
2025-12-29,1.8582,-0.010806
2025-12-30,1.8655,0.003929
2025-12-31,1.8587,-0.003645
2026-01-05,1.8767,0.009684
2026-01-06,1.9154,0.020621
2026-01-07,1.9233,0.004124
2026-01-08,1.9351,0.006135
2026-01-09,1.9495,0.007441
2026-01-12,1.9716,0.011336
2026-01-13,1.9729,0.000659
2026-01-14,1.9729,0.0
2026-01-15,2.0046,0.016068
2026-01-16,1.997,-0.003791
2026-01-19,2.0673,0.035203
2026-01-20,2.1015,0.016543
2026-01-21,2.1092,0.003664
2026-01-22,2.1348,0.012137
2026-01-23,2.1459,0.0052
2026-01-26,2.1287,-0.008015
2026-01-27,2.094,-0.016301
2026-01-28,2.0855,-0.004059
2026-01-29,2.0814,-0.001966
2026-01-30,2.0845,0.001489
2026-02-02,2.0232,-0.029408
2026-02-03,2.0546,0.01552
2026-02-04,2.0715,0.008225
2026-02-05,2.1136,0.020323
2026-02-06,2.1093,-0.002034
2026-02-09,2.1262,0.008012
2026-02-10,2.1134,-0.00602
2026-02-11,2.1145,0.00052
2026-02-12,2.0994,-0.007141
2026-02-13,2.0775,-0.010432
2026-02-24,2.068,-0.004573
2026-02-25,2.0916,0.011412
2026-02-26,2.081,-0.005068
2026-02-27,2.0999,0.009082
2026-03-02,2.0763,-0.011239
2026-03-03,2.0386,-0.018157
2026-03-04,2.0129,-0.012607
2026-03-05,2.0266,0.006806
2026-03-06,2.0772,0.024968
2026-03-09,2.0456,-0.015213
2026-03-10,2.0682,0.011048
2026-03-11,2.0601,-0.003916
2026-03-12,2.056,-0.00199
2026-03-13,2.0628,0.003307
2026-03-16,2.057,-0.002812
2026-03-17,2.0268,-0.014682
2026-03-18,2.0133,-0.006661
2026-03-19,1.9576,-0.027666
2026-03-20,1.9473,-0.005262
2026-03-23,1.8407,-0.054742
2026-03-24,1.8814,0.022111
2026-03-25,1.9185,0.019719
2026-03-26,1.9036,-0.007766
2026-03-27,1.9305,0.014131
2026-03-30,1.9301,-0.000207
2026-03-31,1.9116,-0.009585
2026-04-01,1.9496,0.019879
2026-04-02,1.9384,-0.005745
2026-04-03,1.901,-0.019294
2026-04-07,1.9177,0.008785
2026-04-08,1.9599,0.022006
2026-04-09,1.9267,-0.01694
2026-04-10,1.9288,0.00109
2026-04-13,1.9043,-0.012702
2026-04-14,1.9073,0.001575
2026-04-15,1.9254,0.00949
2026-04-16,1.9331,0.003999
2026-04-17,1.9109,-0.011484
2026-04-20,1.9262,0.008007
2026-04-21,1.9334,0.003738
2026-04-22,1.9117,-0.011224
2026-04-23,1.9266,0.007794
2026-04-24,1.9323,0.002959
2026-04-27,1.9284,-0.002018
2026-04-28,1.9162,-0.006326
2026-04-29,1.9628,0.024319
2026-04-30,1.9494,-0.006827
2026-05-06,1.9282,-0.010875
2026-05-07,1.8969,-0.016233
2026-05-08,1.899,0.001107
2026-05-11,1.9064,0.003897
2026-05-12,1.8762,-0.015841
2026-05-13,1.8845,0.004424
2026-05-14,1.8838,-0.000371
2026-05-15,1.8645,-0.010245
2026-05-18,1.8369,-0.014803
2026-05-19,1.8381,0.000653
2026-05-20,1.819,-0.010391
2026-05-21,1.7838,-0.019351
2026-05-22,1.7787,-0.002859
2026-05-25,1.7583,-0.011469
2026-05-26,1.7822,0.013593
2026-05-27,1.8006,0.010324
2026-05-28,1.7812,-0.010774
2026-05-29,1.8093,0.015776
2026-06-01,1.8293,0.011054
2026-06-02,1.7873,-0.02296
2026-06-03,1.7662,-0.011806
2026-06-04,1.7199,-0.026214
2026-06-05,1.7203,0.000233
2026-06-08,1.6812,-0.022729
2026-06-09,1.6827,0.000892
2026-06-10,1.7012,0.010994
2026-06-11,1.6719,-0.017223
2026-06-12,1.7169,0.026915
2026-06-15,1.7288,0.006931
2026-06-16,1.7039,-0.014403
2026-06-17,1.6874,-0.009684
2026-06-18,1.6759,-0.006815
2026-06-22,1.6939,0.01074
2026-06-23,1.6937,-0.000118
2026-06-24,1.6714,-0.013166
2026-06-25,1.6535,-0.01071
2026-06-26,1.6133,-0.024312
2026-06-29,1.6574,0.027335
2026-06-30,1.6288,-0.017256
2026-07-01,1.676,0.028978
2026-07-02,1.6925,0.009845
2026-07-03,1.7085,0.009453
2026-07-06,1.714,0.003219
2026-07-07,1.6831,-0.018028
2026-07-08,1.6736,-0.005644
2026-07-09,1.6374,-0.02163
2026-07-10,1.6454,0.004886
2026-07-13,1.6403,-0.0031
2026-07-14,1.6835,0.026337
2026-07-15,1.7165,0.019602
2026-07-16,1.7093,-0.004195
2026-07-17,1.6657,-0.025508
2026-07-20,1.6865,0.012487
2026-07-21,1.694,0.004447
2026-07-22,1.6929,-0.000649
2026-07-23,1.6977,0.002835
2026-07-24,1.6601,-0.022148
2026-07-27,1.6959,0.021565
2026-07-28,1.6742,-0.012796
2026-07-29,1.7074,0.01983
2026-07-30,1.6883,-0.011187
2026-07-31,1.7097,0.012675
2026-08-03,1.6966,-0.007662
2026-08-04,1.7189,0.013144
2026-08-05,1.7382,0.011228
2026-08-06,1.7284,-0.005638
2026-08-07,1.7512,0.013191
2026-08-10,1.7573,0.003483
2026-08-11,1.7638,0.003699
2026-08-12,1.7618,-0.001134
2026-08-13,1.7505,-0.006414
2026-08-14,1.7537,0.001828
2026-08-17,1.775,0.012146
2026-08-18,1.7747,-0.000169
2026-08-19,1.7168,-0.032625
2026-08-20,1.7472,0.017707
2026-08-21,1.7275,-0.011275
2026-08-24,1.7104,-0.009899
2026-08-25,1.7357,0.014792
2026-08-26,1.7373,0.000922
2026-08-27,1.7555,0.010476
2026-08-28,1.7485,-0.003987
2026-08-31,1.7645,0.009151
2026-09-01,1.7584,-0.003457
2026-09-02,1.7271,-0.0178
2026-09-03,1.7284,0.000753
2026-09-04,1.7312,0.00162
2026-09-07,1.7494,0.010513
2026-09-08,1.7485,-0.000514
2026-09-09,1.7373,-0.006405
2026-09-10,1.7163,-0.012088
2026-09-11,1.6797,-0.021325
2026-09-14,1.6943,0.008692
2026-09-15,1.6763,-0.010624
2026-09-16,1.6843,0.004772
2026-09-17,1.692,0.004572
2026-09-18,1.7228,0.018203
2026-09-21,1.7431,0.011783
2026-09-22,1.744,0.000516
2026-09-23,1.7371,-0.003956
2026-09-24,1.727,-0.005814
2026-09-28,1.7009,-0.015113
2026-09-29,1.7109,0.005879
2026-09-30,1.7254,0.008475
